email,name,role,temp_password
s00002@students.su.edu,Luna Mendoza,student,*4bVobFBXBMn
s00003@students.su.edu,Harper Domingo,student,5#l@KIC3n!n5
s00004@students.su.edu,Ava Navarro,student,4d7fSta@Z1L4
s00005@students.su.edu,Jamie Reyes,student,EfH4S#Y%AFk#
s00006@students.su.edu,Zoey Natividad,student,lGm#By36Fg8U
s00007@students.su.edu,Alex Aquino,student,4an#N4aDu@0W
s00008@students.su.edu,Casey Lazaro,student,Jmp6ZFJn!QEA
s00009@students.su.edu,Kendrick Ramos,student,iTI3b^X2zLV8
s00010@students.su.edu,Sofia Yap,student,Iu!0kmQ!f!Iy
s00011@students.su.edu,Drew Lazaro,student,4#4Tm5*Cd$Ps
s00012@students.su.edu,Jamie Bautista,student,GpkMwsv4#K#o
s00013@students.su.edu,Ava Zamora,student,VB&0^6fG02!l
s00014@students.su.edu,Sofia Garcia,student,k!16KwaTTW^N
s00015@students.su.edu,Oliver Lazaro,student,c%OJZ^6P0Rfe
s00016@students.su.edu,Jordan Ortega,student,tIJ8CIxt!H^z
s00017@students.su.edu,Avery Jacinto,student,Z%H!k@Nz4&oS
s00018@students.su.edu,Riley Castillo,student,0ls$yuEI#N1y
s00019@students.su.edu,Oliver Garcia,student,6%1$9J5rLIF5
s00020@students.su.edu,Mia Ramos,student,K7fEu!euGeR#
s00021@students.su.edu,Evelyn Panganiban,student,tF!aqTKZ61CM
s00022@students.su.edu,Elijah Esparza,student,V*^Qv@k1j$v7
s00023@students.su.edu,Emma Uy,student,8@cRBHJ@rF5C
s00024@students.su.edu,Evelyn Natividad,student,qM5kgy^2jdVw
s00025@students.su.edu,Mason Reyes,student,duK4$rqEJy!7
s00026@students.su.edu,Noah Ramos,student,8MZoOXk!fIl0
s00027@students.su.edu,Drew Villanueva,student,Qv1N&&x9vuU2
s00028@students.su.edu,Ethan Marquez,student,J5!vptX2xp#@
s00029@students.su.edu,Charlotte Ilagan,student,H3Bv%f2^@@V^
s00030@students.su.edu,Oliver Esparza,student,6N2*6xNgWECU
s00031@students.su.edu,Elijah Cruz,student,#*E%dOHLd^51
s00032@students.su.edu,Mia Cruz,student,%Xf3nlr^$kIX
s00033@students.su.edu,Charlotte Villanueva,student,VSk902nP3S!H
s00034@students.su.edu,Amelia Zamora,student,j6b@D!T6Gmfq
s00035@students.su.edu,Evelyn Villanueva,student,GF%!GD2uUS*5
s00036@students.su.edu,Layla Panganiban,student,f6VeIvd&SfZm
s00037@students.su.edu,Emma Zamora,student,TM6Mr7y2A5#7
s00038@students.su.edu,Oliver Esparza,student,y!jf6!fM19Qc
s00039@students.su.edu,Liam Torres,student,7*Z0@iRI1t@D
s00040@students.su.edu,Mia Reyes,student,1K*V4F#QUjRk
s00041@students.su.edu,Harper Zamora,student,s1!s4a37WCv%
s00042@students.su.edu,Luna Santiago,student,SC!t!D4T8m7Y
s00043@students.su.edu,Scarlett Castillo,student,U9agLgxb&aYm
s00044@students.su.edu,Scarlett Zamora,student,UmFL6%b3o#O&
s00045@students.su.edu,Elijah Mendoza,student,&!Scxb761xm$
s00046@students.su.edu,Charlotte Natividad,student,vvGFn*fHX$X6
s00047@students.su.edu,Jamie Domingo,student,GXt#OYXa8&hW
s00048@students.su.edu,Chris Reyes,student,80dB!!JIhz*T
s00049@students.su.edu,Taylor Cruz,student,w*AgNtfdkp7%
s00050@students.su.edu,Chris Navarro,student,l*DAi2v5KS!x
s00051@students.su.edu,Morgan Reyes,student,#a0nBDJ7I%fI
s00052@students.su.edu,Drew Mendoza,student,1^92ArCUnME5
s00053@students.su.edu,Liam Marquez,student,EQ3q%^LM$UOk
s00054@students.su.edu,Scarlett Bautista,student,u*0KR9J%x53T
s00055@students.su.edu,Casey Domingo,student,7u*LI4hRw7w^
s00056@students.su.edu,Jordan Flores,student,8h7H9@CL4$Pa
s00057@students.su.edu,Aria Zamora,student,I&&OyqfAA7v8
s00058@students.su.edu,Avery Natividad,student,Hl$o6z!LcQTk
s00059@students.su.edu,Mason Cruz,student,F3I98P4h^RLa
s00060@students.su.edu,Elijah Zamora,student,&moJ*RFjh3rX
s00061@students.su.edu,Amelia Reyes,student,A&1UcYxJLrn%
s00062@students.su.edu,Evelyn Garcia,student,8$3!QQy&5gaQ
s00063@students.su.edu,Liam Panganiban,student,1J!^ieAlgQ6*
s00064@students.su.edu,Layla Mendoza,student,s5n1NX^o#Y6@
s00065@students.su.edu,Drew Reyes,student,0rbZ@pbU3mF!
s00066@students.su.edu,Oliver Flores,student,Lj7VC@qoxy!#
s00067@students.su.edu,Evelyn Querubin,student,xB!dpg!A3AQ#
s00068@students.su.edu,Casey Panganiban,student,TniW4j6fR#rY
s00069@students.su.edu,Mason Natividad,student,t&bt94F8c&z#
s00070@students.su.edu,Emma Yap,student,6Dl6J2Rxj%oC
s00071@students.su.edu,Jamie Zamora,student,RrzjuH34ydN*
s00072@students.su.edu,Liam Tan,student,NXH7IE!zq5BD
s00073@students.su.edu,Riley Garcia,student,wy6cV#%xLRsJ
s00074@students.su.edu,Noah Bautista,student,y2k!^OYk7xSj
s00075@students.su.edu,Oliver Tan,student,UEeZa&l9NgPo
s00076@students.su.edu,Avery Domingo,student,7iU$m6E^YQ1e
s00077@students.su.edu,Sofia Panganiban,student,YFnKidS6VG%B
s00078@students.su.edu,Drew Querubin,student,x3TS8qQ4s%5E
s00079@students.su.edu,Riley Ortega,student,2x6ViaPA!0F7
s00080@students.su.edu,Ava Aquino,student,oX2%Q$wh&t&u
s00081@students.su.edu,Kendrick Ramos,student,*!57t9c*%XZp
s00082@students.su.edu,Mia Torres,student,428cjgo$TSCS
s00083@students.su.edu,Luna Natividad,student,Z@zHm3ge#9N1
s00084@students.su.edu,Amelia Uy,student,6P8AgZcgsIw*
s00085@students.su.edu,Avery Natividad,student,u2GQG7PVxL!4
s00086@students.su.edu,Zoey Tan,student,XeTEmq#rm2Uv
s00087@students.su.edu,Sofia Santos,student,oI5q%Hf6hTT*
s00088@students.su.edu,Elijah Domingo,student,YSE%EyuvB9w$
s00089@students.su.edu,Evelyn Rivera,student,X9gB@Bo7G%a0
s00090@students.su.edu,Chris Navarro,student,qb#6s4UmhwBT
s00091@students.su.edu,Evelyn Domingo,student,7W*tZmQdJBLF
s00092@students.su.edu,Sam Uy,student,G8hu62X&O*tu
s00093@students.su.edu,Reese Yap,student,k9R%hS&FFv^X
s00094@students.su.edu,Kendrick Panganiban,student,GeVcM@D2Y%DR
s00095@students.su.edu,Layla Santos,student,!gPAze@c3QYm
s00096@students.su.edu,Ethan Castillo,student,JHJv!2zPN^by
s00097@students.su.edu,Charlotte Reyes,student,Et03^gJS*xNJ
s00098@students.su.edu,Elijah Gonzales,student,dG&qg4Wg^9pN
s00099@students.su.edu,Sofia Tan,student,bJ4jH&#3#SQo
s00100@students.su.edu,Scarlett Querubin,student,!&d0GiJIOK@x
s00101@students.su.edu,Liam Flores,student,0UmZ$jgeoJsj
s00102@students.su.edu,Oliver Zamora,student,MHm%o$GX19ca
s00103@students.su.edu,Layla Santos,student,4jAul@xNr3XH
s00104@students.su.edu,Casey Querubin,student,L*JYVAgbqnx8
s00105@students.su.edu,Scarlett Rivera,student,#!fSGc1He9%a
s00106@students.su.edu,Luna Querubin,student,$kLS@UUb!t8X
s00107@students.su.edu,Abigail Aquino,student,QDKSDvB!5X*n
s00108@students.su.edu,Riley Rivera,student,Ych2AHP!5l8E
s00109@students.su.edu,Abigail Ilagan,student,2rLCjlV^B*0#
s00110@students.su.edu,Isabella Yap,student,njpQK0OE!2s3
s00111@students.su.edu,Kendrick Salazar,student,9ol$4B0bM61#
s00112@students.su.edu,Sam Santos,student,wm$Hc6F6Um!J
s00113@students.su.edu,Reese Gonzales,student,ulIc37THNSp&
s00114@students.su.edu,Chloe Garcia,student,&t^GmqWiJiU8
s00115@students.su.edu,Aria Santiago,student,IyuJu$wzp7QV
s00116@students.su.edu,Elijah Mendoza,student,P&%2gEvQ^n$2
s00117@students.su.edu,Layla Garcia,student,hqP5%mAt%f9R
s00118@students.su.edu,Layla Esparza,student,FTU^oDR!mz6r
s00119@students.su.edu,Taylor Jacinto,student,qt3P6j&H9yHx
s00120@students.su.edu,Kendrick Jacinto,student,Os!@%rFEvV6M
s00121@students.su.edu,Logan Uy,student,jc%%z6C$v28b
s00122@students.su.edu,Mason Gonzales,student,9MZq7qrbu#ig
s00123@students.su.edu,Abigail Yap,student,o!OKcxR$jJ3a
s00124@students.su.edu,Riley Domingo,student,8u#oRr6IrxVF
s00125@students.su.edu,Mason Torres,student,Nd1Y#2P&u9hi
s00126@students.su.edu,Mia Marquez,student,eO7J*@Bf06!f
s00127@students.su.edu,Casey Cruz,student,QoY42F^U%jxh
s00128@students.su.edu,Liam Santiago,student,^lKpnFQ9RDKN
s00129@students.su.edu,Scarlett Querubin,student,2hiMKYB*%Exw
s00130@students.su.edu,Sam Santos,student,pZip!YxAG0rO
s00131@students.su.edu,Morgan Lazaro,student,fUqIs92cfnz&
s00132@students.su.edu,Morgan Santiago,student,lzVCr9^gCTTH
s00133@students.su.edu,Elijah Rivera,student,SyzbJ%CcYD57
s00134@students.su.edu,Abigail Zamora,student,#hTm02alv6#E
s00135@students.su.edu,Emma Garcia,student,sGG^WK4*@n3$
s00136@students.su.edu,Chloe Gonzales,student,zf9fBq3t*JWq
s00137@students.su.edu,Kendrick Tan,student,l$$$dSLd!00z
s00138@students.su.edu,Amelia Salazar,student,wc$yWT%3xPm8
s00139@students.su.edu,Avery Cruz,student,6#fiBcNV8bT&
s00140@students.su.edu,Avery Yap,student,ap%B33fOaTb&
s00141@students.su.edu,Harper Mendoza,student,Gi8*%OaPfin5
s00142@students.su.edu,Abigail Ramos,student,U9NXw@rz%j6*
s00143@students.su.edu,Sofia Gonzales,student,ScQ%YeKbb6zh
s00144@students.su.edu,Zoey Ortega,student,V*wM$&VdsmY1
s00145@students.su.edu,Zoey Tan,student,06*oDfrWt8Sc
s00146@students.su.edu,Kendrick Torres,student,nLY^515wH^8Z
s00147@students.su.edu,Luna Marquez,student,kVU2$aRvqjh4
s00148@students.su.edu,Avery Mendoza,student,FoXsiWiD9@7T
s00149@students.su.edu,Sam Ramos,student,VQa33uDk!7zO
s00150@students.su.edu,Casey Mendoza,student,7gEdp6FZI$JE
s00151@students.su.edu,Reese Reyes,student,KGwp%Oeu2Sx9
s00152@students.su.edu,Abigail Villanueva,student,Z0hR@d@Q*bBn
s00153@students.su.edu,Evelyn Ortega,student,KFTAI!&O7kz2
s00154@students.su.edu,Ava Torres,student,5ya#0aN1rISO
s00155@students.su.edu,Aria Torres,student,8Z6df$WN$8!R
s00156@students.su.edu,Charlotte Lazaro,student,Z@@LYj4L45ZL
s00157@students.su.edu,Chloe Torres,student,1H2u^f244L*7
s00158@students.su.edu,Zoey Uy,student,B%6$R$#U7XAz
s00159@students.su.edu,Avery Lazaro,student,R9C#fm@NKUAe
s00160@students.su.edu,Oliver Torres,student,Uo@lZUrlV&W1
s00161@students.su.edu,Casey Lazaro,student,cEFQ#sRIgiz6
s00162@students.su.edu,Logan Mendoza,student,ZHrSkN#9*sB%
s00163@students.su.edu,Chris Flores,student,L8rXRk$eTIN2
s00164@students.su.edu,Casey Bautista,student,C8YR8pa&ea^I
s00165@students.su.edu,Alex Mendoza,student,WF%V9OJrvZVY
s00166@students.su.edu,Morgan Gonzales,student,*K87PN^z4CX9
s00167@students.su.edu,Reese Ortega,student,&u3Kt%$gB72d
s00168@students.su.edu,Sofia Santos,student,DEbwp2X1#Gp9
s00169@students.su.edu,Evelyn Yap,student,9!bH*2XNKPX4
s00170@students.su.edu,Abigail Castillo,student,iKUvH$vhC79B
s00171@students.su.edu,Reese Uy,student,5m#Vpe^C@9TT
s00172@students.su.edu,Harper Rivera,student,KF1*OUdcnhBw
s00173@students.su.edu,Aria Tan,student,C#g@$#XwjU0r
s00174@students.su.edu,Sofia Flores,student,6^*F$6SkqoYW
s00175@students.su.edu,Taylor Rivera,student,2NPwA!*24@dU
s00176@students.su.edu,Jordan Garcia,student,4HWaUn#Xi@F7
s00177@students.su.edu,Alex Yap,student,A6f9WweCkmJ#
s00178@students.su.edu,Isabella Natividad,student,2DIder$K#L$c
s00179@students.su.edu,Chloe Tan,student,lgU$619f@Iz#
s00180@students.su.edu,Isabella Marquez,student,E0yatMXCs%QY
s00181@students.su.edu,Morgan Castillo,student,e@w5YfHmXkVl
s00182@students.su.edu,Chloe Domingo,student,P@LcXaDjVL2Z
s00183@students.su.edu,Scarlett Panganiban,student,FRDb#4K02KEo
s00184@students.su.edu,Casey Domingo,student,u*aZFYCk%8cJ
s00185@students.su.edu,Emma Santiago,student,rm#dH5n&WsSX
s00186@students.su.edu,Sam Navarro,student,txMDDa2IU8O@
s00187@students.su.edu,Ethan Flores,student,XQx5Zeu^298V
s00188@students.su.edu,Emma Querubin,student,2VP&fhk0#AvZ
s00189@students.su.edu,Zoey Ilagan,student,qAi$4QX!pID&
s00190@students.su.edu,Sam Lazaro,student,CxS3U9$NS9Pn
s00191@students.su.edu,Evelyn Uy,student,GVztGaA8L0!*
s00192@students.su.edu,Emma Salazar,student,*!FXG^m@3A*W
s00193@students.su.edu,Evelyn Yap,student,v*VQr*jBan^3
s00194@students.su.edu,Chris Zamora,student,vXx5T$wv&uZY
s00195@students.su.edu,Mason Ilagan,student,uzRqh*96ZZXI
s00196@students.su.edu,Abigail Santos,student,O*kvV6n22!^Z
s00197@students.su.edu,Harper Mendoza,student,UudWESl&%h3c
s00198@students.su.edu,Scarlett Querubin,student,RP2R4Mx&Y1r@
s00199@students.su.edu,Mia Cruz,student,Z30tHq2k%X%l
s00200@students.su.edu,Amelia Flores,student,X9B*OSd!TX7P
s00201@students.su.edu,Aria Uy,student,yZ&#*AcgRW6&
s00202@students.su.edu,Emma Yap,student,L^KcG40Q$z^e
s00203@students.su.edu,Sam Marquez,student,sTcnvMN^45Nm
s00204@students.su.edu,Riley Aquino,student,a639KL!xF0JW
s00205@students.su.edu,Jordan Villanueva,student,AkB%RaoUBdc1
s00206@students.su.edu,Chris Querubin,student,p0%x57ph8R#4
s00207@students.su.edu,Logan Aquino,student,xraO7%IRryJ1
s00208@students.su.edu,Layla Panganiban,student,UGhZ8d@$o9Q*
s00209@students.su.edu,Chloe Querubin,student,!bMX46q9Ogo6
s00210@students.su.edu,Casey Cruz,student,8%5nADDVflk!
s00211@students.su.edu,Avery Uy,student,R5G*A#paqUd2
s00212@students.su.edu,Chris Esparza,student,AU0ZQwPF$UD!
s00213@students.su.edu,Riley Natividad,student,KZxyC18H!q26
s00214@students.su.edu,Mason Rivera,student,ytS3O!CO$PzA
s00215@students.su.edu,Mia Rivera,student,0X5%3s$2QNb*
s00216@students.su.edu,Chloe Gonzales,student,vD&0L4qBu0F#
s00217@students.su.edu,Taylor Garcia,student,ev44#!#A6sFH
s00218@students.su.edu,Ava Ramos,student,X54vS5%b%Ij^
s00219@students.su.edu,Morgan Zamora,student,s!HM^F4bb2u*
s00220@students.su.edu,Mia Santos,student,Ep7@Fw&Q$FH6
s00221@students.su.edu,Kendrick Uy,student,8OPT38hw!@A%
s00222@students.su.edu,Sam Cruz,student,5dzI#I1TxOmo
s00223@students.su.edu,Jamie Navarro,student,pNB^1Qn^RzCP
s00224@students.su.edu,Elijah Jacinto,student,62^X!jRKkLP$
s00225@students.su.edu,Alex Querubin,student,v*M4N@1cf*ZN
s00226@students.su.edu,Mia Santiago,student,roGK0!TAdJBW
s00227@students.su.edu,Casey Castillo,student,pPQn#PZ4oRp&
s00228@students.su.edu,Reese Torres,student,uXyt#&mZwYD6
s00229@students.su.edu,Amelia Ilagan,student,DEyP7N@%y4ZJ
s00230@students.su.edu,Scarlett Jacinto,student,FCyj45AMtD3&
s00231@students.su.edu,Ethan Bautista,student,B!C*2Amj^%Tq
s00232@students.su.edu,Liam Panganiban,student,G0mv#sWH!f!&
s00233@students.su.edu,Scarlett Querubin,student,f9@O#&#kFTYI
s00234@students.su.edu,Oliver Bautista,student,QYTo8*oK@38k
s00235@students.su.edu,Mia Lazaro,student,qu*fMo@6XZcy
s00236@students.su.edu,Amelia Ramos,student,njH4#K0$@EgV
s00237@students.su.edu,Isabella Villanueva,student,#X3B3ePwykLQ
s00238@students.su.edu,Morgan Zamora,student,u^A1A4&GCe6c
s00239@students.su.edu,Harper Santiago,student,ygtQIrOg!2jt
s00240@students.su.edu,Elijah Esparza,student,c4^SKTZUY79!
s00241@students.su.edu,Taylor Lazaro,student,$nz^xJJ6Dx2d
s00242@students.su.edu,Morgan Ortega,student,YRvq@Oey40He
s00243@students.su.edu,Jamie Tan,student,4L2CZNU$Yd3B
s00244@students.su.edu,Morgan Flores,student,$k!jY7QZeGE3
s00245@students.su.edu,Avery Lazaro,student,Z$EJOVfaeS1%
s00246@students.su.edu,Mia Ortega,student,W^So9!s3Kx@J
s00247@students.su.edu,Casey Tan,student,iOQ5NH93&3!q
s00248@students.su.edu,Logan Domingo,student,p*tun8*rPpSE
s00249@students.su.edu,Drew Tan,student,9j%sR&KoiNkK
s00250@students.su.edu,Harper Rivera,student,ya59qoOD@zrD
s00251@students.su.edu,Chris Garcia,student,t!SQV@U9&7j6
s00252@students.su.edu,Alex Panganiban,student,axGbt*!&I0aH
s00253@students.su.edu,Elijah Uy,student,Y*jglQ93orA$
s00254@students.su.edu,Morgan Natividad,student,5n$E2Cof^LBj
s00255@students.su.edu,Ava Natividad,student,e5O7jNAd!4A1
s00256@students.su.edu,Reese Esparza,student,Qj3t6$n*HhCh
s00257@students.su.edu,Noah Lazaro,student,doA9lCSY&BsO
s00258@students.su.edu,Oliver Mendoza,student,1Tzmb9h&$F%T
s00259@students.su.edu,Mia Gonzales,student,A3hoUhv@Gm5E
s00260@students.su.edu,Chris Torres,student,zwD0JNS%J^&e
s00261@students.su.edu,Jamie Ramos,student,!G%ikY7k$U8b
s00262@students.su.edu,Elijah Garcia,student,lhZP!e5W6GKk
s00263@students.su.edu,Amelia Lazaro,student,%ERFn1$UsLPf
s00264@students.su.edu,Charlotte Panganiban,student,dgejDZ5**D^X
s00265@students.su.edu,Amelia Panganiban,student,#zB8@$X!msP9
s00266@students.su.edu,Scarlett Rivera,student,Z0J4p*cL@iU2
s00267@students.su.edu,Evelyn Santiago,student,q%T$goOONSR4
s00268@students.su.edu,Scarlett Santiago,student,lLFiL1F0nm&f
s00269@students.su.edu,Isabella Mendoza,student,t29xOlKIZP&s
s00270@students.su.edu,Chris Uy,student,Bh7b^*BXp*pg
s00271@students.su.edu,Jamie Santiago,student,QEr3^VBO4Nir
s00272@students.su.edu,Evelyn Uy,student,$9Nbx**BswmJ
s00273@students.su.edu,Isabella Flores,student,R7Eu%&Kchw!%
s00274@students.su.edu,Sam Tan,student,1Jm4iL3&b20L
s00275@students.su.edu,Drew Zamora,student,!N0vZ#3YGoT2
s00276@students.su.edu,Drew Esparza,student,cI7fUB&tlo$H
s00277@students.su.edu,Reese Mendoza,student,D$eDixv78wQc
s00278@students.su.edu,Morgan Domingo,student,X!bOzlAC4Y02
s00279@students.su.edu,Mia Navarro,student,t@q7re02fVO1
s00280@students.su.edu,Liam Natividad,student,XZCg$9GRaMVw
s00281@students.su.edu,Scarlett Ilagan,student,XrZA0uY1@CXv
s00282@students.su.edu,Riley Flores,student,tr4Y24fCg$$5
s00283@students.su.edu,Oliver Ortega,student,5XQ@2ylQ##%5
s00284@students.su.edu,Casey Castillo,student,H7RYU$pw18*C
s00285@students.su.edu,Elijah Esparza,student,9@HMZZ$h5$j3
s00286@students.su.edu,Aria Gonzales,student,SUF3Nyt*vjyh
s00287@students.su.edu,Drew Uy,student,ahYU&mwP3neS
s00288@students.su.edu,Abigail Domingo,student,!3r#jAqJ#&gB
s00289@students.su.edu,Riley Uy,student,6$f6xyKYmhNx
s00290@students.su.edu,Mason Jacinto,student,FK*d73E%F97W
s00291@students.su.edu,Sam Gonzales,student,l30Ry*cy0^Of
s00292@students.su.edu,Chloe Yap,student,GRL3keE2JCo@
s00293@students.su.edu,Aria Salazar,student,MZQCub*T@T30
s00294@students.su.edu,Ava Zamora,student,7Y8gF^Y5SEoI
s00295@students.su.edu,Scarlett Navarro,student,BH4Isy1Y^mRd
s00296@students.su.edu,Reese Castillo,student,RZ@82PvujHY^
s00297@students.su.edu,Reese Ortega,student,IS*19totiTlu
s00298@students.su.edu,Amelia Bautista,student,x1Oh%9tdl*Xr
s00299@students.su.edu,Liam Domingo,student,Q^T8igngpd14
s00300@students.su.edu,Mason Yap,student,W5$K1tQmkz9k
s00301@students.su.edu,Isabella Bautista,student,G4BX$YkZV3mK
s00302@students.su.edu,Isabella Lazaro,student,OhnRZk1&^sNf
s00303@students.su.edu,Noah Tan,student,J7*Zwd*N59c@
s00304@students.su.edu,Abigail Querubin,student,567zcgr$DfQ*
s00305@students.su.edu,Jordan Esparza,student,HLwbFuu3v!!J
s00306@students.su.edu,Ava Uy,student,Z6k95ysqP7@@
s00307@students.su.edu,Harper Cruz,student,MqoMvVF9MF*J
s00308@students.su.edu,Morgan Esparza,student,iG0*rkSiLS8r
s00309@students.su.edu,Mason Bautista,student,gv6UWXJJvak%
s00310@students.su.edu,Taylor Uy,student,E!b!f1%qJQY2
s00311@students.su.edu,Morgan Flores,student,oRsSYemDy*63
s00312@students.su.edu,Aria Santiago,student,gCFQTsZ!D1A^
s00313@students.su.edu,Logan Bautista,student,%JdQiuHl62hM
s00314@students.su.edu,Alex Santos,student,!Sa2!A8QwYP^
s00315@students.su.edu,Ava Natividad,student,rR3v$9AtGBr$
s00316@students.su.edu,Mason Panganiban,student,5Rp$kdAoRvw4
s00317@students.su.edu,Liam Yap,student,&95&Or3A!2B7
s00318@students.su.edu,Scarlett Esparza,student,n!xz9YCCRyIK
s00319@students.su.edu,Taylor Marquez,student,m!x3NhlwHmf0
s00320@students.su.edu,Chris Rivera,student,QmAW9r7h^Vla
s00321@students.su.edu,Alex Uy,student,Iqgt@*Q6F6@6
s00322@students.su.edu,Sofia Jacinto,student,2#U*a@LObO5X
s00323@students.su.edu,Oliver Natividad,student,8nsIBW!zt0*@
s00324@students.su.edu,Logan Santiago,student,^oFvS6kvb4$G
s00325@students.su.edu,Liam Gonzales,student,X7u9Z8P#an&N
s00326@students.su.edu,Sofia Castillo,student,iay2NB^6^jKK
s00327@students.su.edu,Noah Jacinto,student,#JneFFwOVf2*
s00328@students.su.edu,Chris Marquez,student,cI5TItf*E&K&
s00329@students.su.edu,Oliver Mendoza,student,r^@Ti3eXgGe9
s00330@students.su.edu,Aria Tan,student,!@dVtbr!D1Hw
s00331@students.su.edu,Jamie Reyes,student,Er#gu@g7S&WI
s00332@students.su.edu,Jordan Salazar,student,bAdT%$RVIy6d
s00333@students.su.edu,Avery Villanueva,student,!4a4Yr%VSQc^
s00334@students.su.edu,Morgan Flores,student,zUfDEzDs@SN2
s00335@students.su.edu,Luna Domingo,student,@mwq1N9W7yGP
s00336@students.su.edu,Riley Aquino,student,A$4Os1vHRBdk
s00337@students.su.edu,Aria Uy,student,H@2i#wAX9sTr
s00338@students.su.edu,Logan Navarro,student,cbnAl$4I8q71
s00339@students.su.edu,Kendrick Uy,student,fV0G^2r5G#PG
s00340@students.su.edu,Sam Domingo,student,Q$iyDBve2L$k
s00341@students.su.edu,Kendrick Salazar,student,uv3uqmyZTZ&U
s00342@students.su.edu,Abigail Cruz,student,!iu&OIws05*s
s00343@students.su.edu,Evelyn Ortega,student,us^b$r6HYePG
s00344@students.su.edu,Elijah Yap,student,$82sBGYY#2m#
s00345@students.su.edu,Jamie Yap,student,WbS4W&F1Km@H
s00346@students.su.edu,Zoey Santiago,student,96nk@QIBgqgn
s00347@students.su.edu,Emma Salazar,student,Rrs!6$1$#kGm
s00348@students.su.edu,Aria Bautista,student,R8jYMaFj$L4E
s00349@students.su.edu,Mia Gonzales,student,Y2KE$b!As5JZ
s00350@students.su.edu,Mason Flores,student,i@DToIb2*Ni1
s00351@students.su.edu,Liam Marquez,student,*6U%skqHRF3N
s00352@students.su.edu,Logan Ramos,student,F4QNo7Fm!C*i
s00353@students.su.edu,Layla Villanueva,student,S6g$%tkifW&3
s00354@students.su.edu,Sofia Villanueva,student,^KtHZp1Qh$J1
s00355@students.su.edu,Scarlett Yap,student,DF7jv5rq^9ze
s00356@students.su.edu,Amelia Ilagan,student,mvsyQ8d$61qC
s00357@students.su.edu,Emma Esparza,student,9987Mx!5$Koa
s00358@students.su.edu,Amelia Zamora,student,%E!v7lol4VMY
s00359@students.su.edu,Harper Panganiban,student,bO$vYASq2qdL
s00360@students.su.edu,Logan Tan,student,3dYFl@4l^lpb
s00361@students.su.edu,Alex Jacinto,student,fNi*D4*0aG^@
s00362@students.su.edu,Evelyn Ramos,student,!mlDfT0^Zfnu
s00363@students.su.edu,Taylor Santos,student,W&!aS12F&fH1
s00364@students.su.edu,Scarlett Santos,student,j0jCTRut^7^I
s00365@students.su.edu,Scarlett Tan,student,$$5sMqD0XhCY
s00366@students.su.edu,Layla Jacinto,student,wO%yk^P2Ghxc
s00367@students.su.edu,Isabella Rivera,student,9!60qW!RTa0$
s00368@students.su.edu,Abigail Esparza,student,bJ8t^#vucNi5
s00369@students.su.edu,Mason Cruz,student,$#Xz%6BfJwra
s00370@students.su.edu,Chloe Aquino,student,xt5Wn$9DQsyM
s00371@students.su.edu,Elijah Yap,student,HRFt^#mto1Wu
s00372@students.su.edu,Abigail Uy,student,bDgb4Ymx#S0G
s00373@students.su.edu,Noah Yap,student,&**ivZt4SeRG
s00374@students.su.edu,Chris Navarro,student,5o@Ogpwf2uO9
s00375@students.su.edu,Amelia Uy,student,r9YhnfYD^!s2
s00376@students.su.edu,Taylor Reyes,student,*$fQygMo$4IA
s00377@students.su.edu,Luna Gonzales,student,TqWd4^x9XlV3
s00378@students.su.edu,Kendrick Uy,student,07G$go7^d14Y
s00379@students.su.edu,Chris Navarro,student,vZzM2T&4ywUu
s00380@students.su.edu,Mia Esparza,student,%X!3%AxSL5*i
s00381@students.su.edu,Sam Garcia,student,$CSdiN^YB73Q
s00382@students.su.edu,Kendrick Rivera,student,Ix1hcWG#Ne7f
s00383@students.su.edu,Emma Zamora,student,Xo0$iXGQ7uK7
s00384@students.su.edu,Chloe Panganiban,student,3hPn*!dA9J3Q
s00385@students.su.edu,Luna Domingo,student,&hDE3Cf%HM6r
s00386@students.su.edu,Layla Ilagan,student,%PLtnFj2W@6G
s00387@students.su.edu,Scarlett Aquino,student,y0fm8$%POXKR
s00388@students.su.edu,Taylor Natividad,student,3bBUw%mxX2Fo
s00389@students.su.edu,Aria Garcia,student,$6T$Jsb694M8
s00390@students.su.edu,Abigail Santiago,student,*WOXF4iQbdFV
s00391@students.su.edu,Avery Panganiban,student,#vnxLUnuO6rC
s00392@students.su.edu,Avery Villanueva,student,%vh5LqQ!Q0zy
s00393@students.su.edu,Logan Ramos,student,H&$MbSROG53j
s00394@students.su.edu,Aria Villanueva,student,gygA6^r0m!nZ
s00395@students.su.edu,Reese Ilagan,student,5*Ii6S9yai19
s00396@students.su.edu,Taylor Villanueva,student,R6mLvEfKI#4X
s00397@students.su.edu,Aria Uy,student,KgWjeGO*UIE5
s00398@students.su.edu,Luna Esparza,student,9tI3I%$rLRmR
s00399@students.su.edu,Riley Aquino,student,B6iie%P$i#EJ
s00400@students.su.edu,Charlotte Marquez,student,QoFsWjL1OP^y
s00401@students.su.edu,Riley Flores,student,rKy!B665SL3*
s00402@students.su.edu,Harper Bautista,student,IyW3HEU%e9BL
s00403@students.su.edu,Isabella Panganiban,student,0eaFkR3m%Q70
s00404@students.su.edu,Oliver Reyes,student,eLnYEzK*Kx0a
s00405@students.su.edu,Kendrick Cruz,student,8kE%hx2&G7jG
s00406@students.su.edu,Layla Garcia,student,$9ZtXo9q#BS4
s00407@students.su.edu,Alex Mendoza,student,B1&!z2@t6B&e
s00408@students.su.edu,Layla Jacinto,student,aRVJ5#R36%D&
s00409@students.su.edu,Sam Ortega,student,kpUysH8khqB!
s00410@students.su.edu,Morgan Esparza,student,8Z!RWyN*^8pt
s00411@students.su.edu,Morgan Ortega,student,7%Hc!9N#we!6
s00412@students.su.edu,Logan Garcia,student,YtLD05T$$!R^
s00413@students.su.edu,Abigail Marquez,student,KX8peJ1*rIZ5
s00414@students.su.edu,Aria Panganiban,student,aUOW@kkTN3qf
s00415@students.su.edu,Evelyn Reyes,student,^ly3C0j4sXuC
s00416@students.su.edu,Logan Torres,student,#FkCE$a50DJs
s00417@students.su.edu,Liam Ramos,student,4@m^#h63fKUW
s00418@students.su.edu,Ava Aquino,student,&5ealvZ5iX!s
s00419@students.su.edu,Sofia Flores,student,Zf&ARp*bRM3^
s00420@students.su.edu,Emma Cruz,student,9&Tg4OCq1b5d
s00421@students.su.edu,Kendrick Tan,student,Y^l#8t9Y@d5t
s00422@students.su.edu,Oliver Domingo,student,G#Jk$E48Pnh%
s00423@students.su.edu,Evelyn Ilagan,student,f!ij5yG&#kr$
s00424@students.su.edu,Casey Aquino,student,i3G^T8s9irGi
s00425@students.su.edu,Chris Aquino,student,uxMyfK$%CF5o
s00426@students.su.edu,Casey Domingo,student,XXh8$1rOibpO
s00427@students.su.edu,Morgan Salazar,student,^Qk341J0c9Yn
s00428@students.su.edu,Noah Jacinto,student,!p@VPPIx!nf8
s00429@students.su.edu,Drew Uy,student,h7*bB10Vv6i*
s00430@students.su.edu,Taylor Jacinto,student,u!LfzT7#PSG%
s00431@students.su.edu,Mason Torres,student,4j6^D#h410z6
s00432@students.su.edu,Casey Santiago,student,a%HTVmQE@mr2
s00433@students.su.edu,Morgan Panganiban,student,*E6o9xwxCCqL
s00434@students.su.edu,Amelia Torres,student,Zc@U7q8NeQF8
s00435@students.su.edu,Harper Castillo,student,KYRB9d$!*nug
s00436@students.su.edu,Evelyn Natividad,student,Nh9vd*7%tEF1
s00437@students.su.edu,Casey Esparza,student,5q&A5Ua%MYEG
s00438@students.su.edu,Noah Navarro,student,4N4@HlCgX4gq
s00439@students.su.edu,Alex Zamora,student,jOF7si$y6wXl
s00440@students.su.edu,Jamie Bautista,student,SP&7Mjx$57#&
s00441@students.su.edu,Reese Tan,student,upsg6%*FPhg7
s00442@students.su.edu,Abigail Gonzales,student,tN842jmSx&3H
s00443@students.su.edu,Alex Yap,student,Lt6j6B$3cDMk
s00444@students.su.edu,Riley Gonzales,student,exLo$5JINBJf
s00445@students.su.edu,Evelyn Zamora,student,B$&GC6Qvsxan
s00446@students.su.edu,Avery Jacinto,student,RCjt!U#573M&
s00447@students.su.edu,Emma Bautista,student,s7W$uE5Rzp89
s00448@students.su.edu,Luna Garcia,student,2cH1f8OI5!K0
s00449@students.su.edu,Abigail Castillo,student,51SEGZ@bh$eT
s00450@students.su.edu,Noah Marquez,student,gUGlw!uD@Fr2
s00451@students.su.edu,Elijah Querubin,student,zN5@RL9viuYT
s00452@students.su.edu,Noah Aquino,student,%33E7J2l2ozp
s00453@students.su.edu,Zoey Natividad,student,S0TT69#R2j7&
s00454@students.su.edu,Charlotte Torres,student,bDj9q^G^46J6
s00455@students.su.edu,Scarlett Panganiban,student,X0mn&zY6$3E!
s00456@students.su.edu,Mason Ramos,student,4Qei!0hDEVnT
s00457@students.su.edu,Elijah Castillo,student,JrHW%!T1##qj
s00458@students.su.edu,Mia Cruz,student,7zz&O*sM5uo6
s00459@students.su.edu,Mason Tan,student,4bTQeG3qg$57
s00460@students.su.edu,Mason Natividad,student,g2ex*nJrI3$W
s00461@students.su.edu,Emma Domingo,student,b4B4Q!QiyU0R
s00462@students.su.edu,Logan Rivera,student,rT@@srt0nEZ9
s00463@students.su.edu,Reese Bautista,student,HPkgPEVO@6rf
s00464@students.su.edu,Luna Aquino,student,nj^6dX0g8BQW
s00465@students.su.edu,Emma Castillo,student,qUiGZ&8iiOf1
s00466@students.su.edu,Avery Garcia,student,BS!v5sTdwO9J
s00467@students.su.edu,Amelia Uy,student,nu^FG4ASSfED
s00468@students.su.edu,Ethan Torres,student,qW%*DYok0U^B
s00469@students.su.edu,Isabella Garcia,student,8fov^B3f#$8V
s00470@students.su.edu,Taylor Aquino,student,un@N7cGo4&z$
s00471@students.su.edu,Ethan Navarro,student,F&IFnL5bCy$j
s00472@students.su.edu,Alex Domingo,student,O7L6y#aJJ%Uu
s00473@students.su.edu,Avery Domingo,student,#Mn$LVH$sZ8i
s00474@students.su.edu,Aria Zamora,student,*CKaexCBWx%1
s00475@students.su.edu,Harper Panganiban,student,Rg3@Fl1%HtMt
s00476@students.su.edu,Oliver Ilagan,student,%A1rChLZHK@q
s00477@students.su.edu,Charlotte Salazar,student,sWCm@qa4DYNl
s00478@students.su.edu,Liam Uy,student,6z9%OPcRne27
s00479@students.su.edu,Aria Mendoza,student,&%0K6zKHxyo*
s00480@students.su.edu,Mason Garcia,student,D@nB@uMrOgh3
s00481@students.su.edu,Alex Santiago,student,4usxwrR@TpN%
s00482@students.su.edu,Alex Uy,student,L3Rf4rmp^8r*
s00483@students.su.edu,Luna Navarro,student,bVOrqv*pEK9Y
s00484@students.su.edu,Jamie Gonzales,student,!RVX#bE7gQ4Y
s00485@students.su.edu,Luna Torres,student,c!nPMrm1*7eu
s00486@students.su.edu,Mia Ortega,student,6lGO7U*kIIre
s00487@students.su.edu,Liam Garcia,student,!2tN7ntpu0*7
s00488@students.su.edu,Taylor Navarro,student,phHHv7l0%TfJ
s00489@students.su.edu,Mason Garcia,student,2*9l2Cu9Ma^p
s00490@students.su.edu,Kendrick Lazaro,student,w3*r8D1u19LW
s00491@students.su.edu,Liam Ortega,student,29P56^p!3GOU
s00492@students.su.edu,Taylor Torres,student,cmyUm@!JJU4s
s00493@students.su.edu,Harper Flores,student,%kUpz3U$9qDb
s00494@students.su.edu,Reese Garcia,student,z#7wLCC8n!QP
s00495@students.su.edu,Kendrick Querubin,student,jThZIb8rLt$F
s00496@students.su.edu,Scarlett Ramos,student,HJa@9#Je%Skg
s00497@students.su.edu,Jordan Uy,student,Tc9qyY4FP%E4
s00498@students.su.edu,Drew Esparza,student,OHIL&vecjK2e
s00499@students.su.edu,Charlotte Reyes,student,$zpKk6tEO0D2
s00500@students.su.edu,Ethan Yap,student,RBee@6pCR*#n
s00501@students.su.edu,Avery Jacinto,student,DrC@c5aC5J31
s00502@students.su.edu,Taylor Zamora,student,$WRh&V0b7igw
s00503@students.su.edu,Harper Reyes,student,6bM!gDOJFDMC
s00504@students.su.edu,Logan Cruz,student,%3zMzp3lwCN*
s00505@students.su.edu,Elijah Santos,student,R*m23Sf8F0Oy
s00506@students.su.edu,Evelyn Ramos,student,GfhUFMe$27Xw
s00507@students.su.edu,Ethan Salazar,student,s75#AirFf*2K
s00508@students.su.edu,Oliver Panganiban,student,z^!3^v49nA4q
s00509@students.su.edu,Zoey Gonzales,student,Uw4A$6%1gGWO
s00510@students.su.edu,Evelyn Castillo,student,EkxDjH4&hy6l
s00511@students.su.edu,Logan Salazar,student,4UPm$V0vaIJD
s00512@students.su.edu,Noah Gonzales,student,7vsG0A9siYy&
s00513@students.su.edu,Logan Aquino,student,wi2TvNTy@!HU
s00514@students.su.edu,Isabella Gonzales,student,QRXZ#H@3V7gb
s00515@students.su.edu,Drew Garcia,student,TsB9*87za^T5
s00516@students.su.edu,Riley Castillo,student,SAR44f@o&hJL
s00517@students.su.edu,Abigail Querubin,student,YtXpqt3@9Y8l
s00518@students.su.edu,Layla Mendoza,student,6EC@5kyfNB$R
s00519@students.su.edu,Chloe Ramos,student,I5%pWF*Ji^OX
s00520@students.su.edu,Zoey Flores,student,I&6O8y5KA8!d
s00521@students.su.edu,Elijah Mendoza,student,QFVV9mV9#q^a
s00522@students.su.edu,Emma Yap,student,*G1r5eIomz7Q
s00523@students.su.edu,Elijah Panganiban,student,ej4tlPM&dHIP
s00524@students.su.edu,Morgan Bautista,student,PgwRXeiX0h%Q
s00525@students.su.edu,Amelia Lazaro,student,m&r8kTSbtUG!
s00526@students.su.edu,Noah Navarro,student,JKFcsx!$0292
s00527@students.su.edu,Chris Torres,student,FBSO3#dTH5a$
s00528@students.su.edu,Logan Ortega,student,0p&DaZOh*2vV
s00529@students.su.edu,Oliver Panganiban,student,7A^es6MPdO@T
s00530@students.su.edu,Taylor Gonzales,student,BDMV#gUI8#i4
s00531@students.su.edu,Emma Natividad,student,dUonr0$M!F1Y
s00532@students.su.edu,Noah Zamora,student,Z&s$xDpq&#L1
s00533@students.su.edu,Isabella Gonzales,student,H%mWf*J!wS5@
s00534@students.su.edu,Elijah Yap,student,ei2wSVQ!^ynt
s00535@students.su.edu,Liam Aquino,student,znChNgC1mU!i
s00536@students.su.edu,Kendrick Zamora,student,DIS#kQzj5^Qi
s00537@students.su.edu,Morgan Rivera,student,C5cjqU*3P7T$
s00538@students.su.edu,Sofia Querubin,student,wUj7j20YaI%P
s00539@students.su.edu,Layla Marquez,student,$dk9!WSu@6fI
s00540@students.su.edu,Emma Salazar,student,^29dYnVkBmVK
s00541@students.su.edu,Oliver Santiago,student,uAq&Boa!Fv6d
s00542@students.su.edu,Liam Castillo,student,!wEH7aG3bdBY
s00543@students.su.edu,Logan Jacinto,student,xrBt^z9wRP3a
s00544@students.su.edu,Taylor Ilagan,student,3bBW8F!55XPj
s00545@students.su.edu,Taylor Navarro,student,RASh36EtT@K5
s00546@students.su.edu,Noah Natividad,student,B*K5tgkIttiZ
s00547@students.su.edu,Noah Jacinto,student,yYC9$8MZlpbn
s00548@students.su.edu,Chris Lazaro,student,zWr3E6g!EF@T
s00549@students.su.edu,Kendrick Flores,student,Km&O3#@eL^fn
s00550@students.su.edu,Sofia Mendoza,student,9oFq^hHdvti9
s00551@students.su.edu,Jamie Reyes,student,ocR4csxNLs&^
s00552@students.su.edu,Abigail Lazaro,student,T!7v70cGtKFL
s00553@students.su.edu,Ava Mendoza,student,jn80gww%XvjS
s00554@students.su.edu,Evelyn Natividad,student,lD@atPU4b9xi
s00555@students.su.edu,Casey Ramos,student,xG8tus7q!LbB
s00556@students.su.edu,Noah Aquino,student,!9F041Y%2Afn
s00557@students.su.edu,Kendrick Villanueva,student,9@hVSUmAXV&G
s00558@students.su.edu,Elijah Ramos,student,8i9akA1zvv3%
s00559@students.su.edu,Evelyn Ortega,student,Lkc60qN#8Xgi
s00560@students.su.edu,Morgan Esparza,student,0CWa$0#^XKyw
s00561@students.su.edu,Drew Castillo,student,1o&^MfFwW4A0
s00562@students.su.edu,Ethan Zamora,student,#AKbp7NezNmb
s00563@students.su.edu,Ethan Mendoza,student,^KGvaBFZ6GWh
s00564@students.su.edu,Oliver Rivera,student,m6^BZ%E4l8g4
s00565@students.su.edu,Aria Mendoza,student,GqSArgF6@iYR
s00566@students.su.edu,Elijah Castillo,student,ceA!P2$eWBSl
s00567@students.su.edu,Jamie Natividad,student,$DZCV%e2%x$N
s00568@students.su.edu,Layla Natividad,student,Ajnn3ezG#7%F
s00569@students.su.edu,Jordan Natividad,student,8OFoI9@R#91e
s00570@students.su.edu,Chris Uy,student,*r5wWRH8v&Ne
s00571@students.su.edu,Avery Panganiban,student,zEfxuJ5S6Z*N
s00572@students.su.edu,Kendrick Esparza,student,V%$oYbEdD*9G
s00573@students.su.edu,Layla Esparza,student,Acn@54DdVnIH
s00574@students.su.edu,Jamie Natividad,student,nrW#I0jm&tJ5
s00575@students.su.edu,Riley Mendoza,student,wKx5@Lw8aI4v
s00576@students.su.edu,Chloe Navarro,student,J3Fc4E2CCx5@
s00577@students.su.edu,Layla Jacinto,student,zk$7iHQ^yBB0
s00578@students.su.edu,Layla Ortega,student,swo!R5IhEQsG
s00579@students.su.edu,Emma Jacinto,student,Xl^Q75bj$*R0
s00580@students.su.edu,Luna Marquez,student,z0V$9!2UqvNf
s00581@students.su.edu,Jordan Domingo,student,N77WBpkFX#R!
s00582@students.su.edu,Elijah Domingo,student,!g1IdviGudWp
s00583@students.su.edu,Morgan Castillo,student,Js5PFDt0@RhF
s00584@students.su.edu,Drew Santos,student,K$*C1X^uwv7j
s00585@students.su.edu,Drew Ortega,student,ijzg4MZ$7f8O
s00586@students.su.edu,Charlotte Domingo,student,6D!aVn5yZa2^
s00587@students.su.edu,Sofia Querubin,student,XW#I1ugWq1sr
s00588@students.su.edu,Logan Zamora,student,&7cE!!SeAt3@
s00589@students.su.edu,Sam Tan,student,t8JN3&Y7PI61
s00590@students.su.edu,Chloe Torres,student,yo!2XSYfL@ii
s00591@students.su.edu,Reese Zamora,student,o7^Lei2uMFPo
s00592@students.su.edu,Evelyn Cruz,student,YC2$E3aCAHjX
s00593@students.su.edu,Mason Ortega,student,z&$6XMu8OXMk
s00594@students.su.edu,Kendrick Jacinto,student,StP@V1k604Mw
s00595@students.su.edu,Kendrick Yap,student,&qndl@99ND8A
s00596@students.su.edu,Casey Santiago,student,v8N8P1#%NUTw
s00597@students.su.edu,Isabella Gonzales,student,f32Zd4nh3#QY
s00598@students.su.edu,Harper Castillo,student,2S%Uosvp!Ah!
s00599@students.su.edu,Layla Ramos,student,$j8i8QKfOqcw
s00600@students.su.edu,Morgan Villanueva,student,fzp7*k3U%HlN
s00601@students.su.edu,Amelia Natividad,student,jX2R*0EWcUlr
s00602@students.su.edu,Mason Mendoza,student,G$m%b0kHPxWT
s00603@students.su.edu,Sam Jacinto,student,MXGRdtokY!7W
s00604@students.su.edu,Chloe Castillo,student,kX@M47n@bj0h
s00605@students.su.edu,Alex Salazar,student,*aehCf!4DhAK
s00606@students.su.edu,Harper Ilagan,student,2PhKVq$YXE6h
s00607@students.su.edu,Emma Torres,student,H9&8LsV*%xAY
s00608@students.su.edu,Riley Salazar,student,KYp6L^Zf%8px
s00609@students.su.edu,Reese Rivera,student,a0dC5N3DQl!P
s00610@students.su.edu,Mason Natividad,student,JsWLoY0$m1!z
s00611@students.su.edu,Jordan Panganiban,student,DceGh*VcF!*6
s00612@students.su.edu,Casey Reyes,student,SA!knbE4XD$v
s00613@students.su.edu,Chloe Querubin,student,S84paKUk2YU&
s00614@students.su.edu,Harper Tan,student,w@4w25vpT8RW
s00615@students.su.edu,Avery Ortega,student,pU3Ozx6bK4S^
s00616@students.su.edu,Evelyn Lazaro,student,C$2dWR^mZWSj
s00617@students.su.edu,Avery Ramos,student,*al3sz@!s6J6
s00618@students.su.edu,Alex Lazaro,student,@7aUColOpGzf
s00619@students.su.edu,Ethan Ortega,student,^EqKtF33%Zj1
s00620@students.su.edu,Luna Salazar,student,UJ4apMV3@tXR
s00621@students.su.edu,Emma Marquez,student,9SA0IH0fow^h
s00622@students.su.edu,Emma Cruz,student,V&hixNseif80
s00623@students.su.edu,Morgan Natividad,student,l0qkT^9XdW@h
s00624@students.su.edu,Taylor Santiago,student,bwYzVa8x5%Of
s00625@students.su.edu,Mason Santiago,student,5FEctf@GuYSJ
s00626@students.su.edu,Riley Yap,student,Ms9I@l3wzc7l
s00627@students.su.edu,Chloe Bautista,student,ZjDDxQG@O9!3
s00628@students.su.edu,Mia Querubin,student,fn8Ftk#P*%0B
s00629@students.su.edu,Logan Bautista,student,uHP%2d@RkWDa
s00630@students.su.edu,Alex Bautista,student,PRu*#7X0m4VU
s00631@students.su.edu,Jamie Reyes,student,RCrdG%OHX&4w
s00632@students.su.edu,Casey Gonzales,student,v1C&UnyL&jQ&
s00633@students.su.edu,Mia Ortega,student,&zE*gQj8bUrf
s00634@students.su.edu,Zoey Garcia,student,iGs4qadt1rA%
s00635@students.su.edu,Evelyn Santos,student,hG$RA&$PCAK5
s00636@students.su.edu,Morgan Bautista,student,@v^7qYFA#5a9
s00637@students.su.edu,Elijah Jacinto,student,zd&3nYZKCsiC
s00638@students.su.edu,Amelia Ortega,student,DN&1DIo7ZWr!
s00639@students.su.edu,Charlotte Gonzales,student,0%x#&^cWxYIT
s00640@students.su.edu,Scarlett Torres,student,f1$kvXvJ1yGG
s00641@students.su.edu,Noah Ilagan,student,^pGIhpZXGHI5
s00642@students.su.edu,Scarlett Santiago,student,blC7Kn$L76dD
s00643@students.su.edu,Amelia Castillo,student,!7NapOMp6@z$
s00644@students.su.edu,Casey Querubin,student,Cw#u2@7JMt*9
s00645@students.su.edu,Taylor Uy,student,INz*B$ik&6Oo
s00646@students.su.edu,Jamie Garcia,student,Y*12GDn#m9md
s00647@students.su.edu,Luna Esparza,student,#7XeU4k1G@CS
s00648@students.su.edu,Abigail Cruz,student,bBVM%OhDl0O%
s00649@students.su.edu,Kendrick Santiago,student,q%vF5mjMjy&N
s00650@students.su.edu,Aria Natividad,student,F*@zZnqfY0&B
s00651@students.su.edu,Sofia Natividad,student,kKi@8MWPnd8U
s00652@students.su.edu,Mason Natividad,student,nS*0ER^Z*fv5
s00653@students.su.edu,Ava Salazar,student,8r&vPIbYIYtf
s00654@students.su.edu,Sam Panganiban,student,f8eY^xXtzr0s
s00655@students.su.edu,Alex Mendoza,student,ToKakk#7!9Pr
s00656@students.su.edu,Abigail Uy,student,83KILpJoM%VZ
s00657@students.su.edu,Mia Aquino,student,@eI7WpM5uo7@
s00658@students.su.edu,Ethan Santiago,student,JciIrtYb1O!1
s00659@students.su.edu,Chris Castillo,student,5x3c8#&J53P0
s00660@students.su.edu,Casey Flores,student,5Eyx3d$kMdmK
s00661@students.su.edu,Logan Bautista,student,1yIKxF4ZUq!$
s00662@students.su.edu,Noah Lazaro,student,LQxn86&IV&0e
s00663@students.su.edu,Ava Santiago,student,AzGtA$j*1L2s
s00664@students.su.edu,Liam Cruz,student,rk*znX1w4AsD
s00665@students.su.edu,Zoey Lazaro,student,G7l&T2W67fe0
s00666@students.su.edu,Zoey Panganiban,student,isQzJWx@bc8b
s00667@students.su.edu,Alex Jacinto,student,#hI$6BS$PI97
s00668@students.su.edu,Oliver Mendoza,student,!v2rif0hUnYq
s00669@students.su.edu,Logan Rivera,student,XOi9#PhC2!pg
s00670@students.su.edu,Chris Uy,student,Jpd@Ob6SC2%E
s00671@students.su.edu,Morgan Uy,student,WRzoxT^HY2kR
s00672@students.su.edu,Reese Zamora,student,m$IHi@Z@DkL9
s00673@students.su.edu,Sofia Castillo,student,8D&eI9FVYfGc
s00674@students.su.edu,Liam Querubin,student,ItwOBJt&ajL4
s00675@students.su.edu,Morgan Querubin,student,gI6eUW!#OTmo
s00676@students.su.edu,Alex Ramos,student,Nkk2&GXOK@QY
s00677@students.su.edu,Zoey Gonzales,student,gY!F8604epp@
s00678@students.su.edu,Casey Domingo,student,2@hqDAcbZ$0*
s00679@students.su.edu,Logan Salazar,student,OlCM9Xsd!EhR
s00680@students.su.edu,Luna Santos,student,QTeeei7wU^DI
s00681@students.su.edu,Sofia Gonzales,student,Ol7fo^kxLgw2
s00682@students.su.edu,Liam Uy,student,&1lq%%KUCQ9c
s00683@students.su.edu,Jamie Navarro,student,I@on5D9f67dC
s00684@students.su.edu,Sofia Ramos,student,&7klRszQL$Ga
s00685@students.su.edu,Isabella Domingo,student,^5H9eTO*AQmS
s00686@students.su.edu,Sam Rivera,student,Q8obgKQ%dg32
s00687@students.su.edu,Chloe Bautista,student,mIUCz1@uS#vE
s00688@students.su.edu,Mia Esparza,student,Z!w**ZtDz$L4
s00689@students.su.edu,Jamie Domingo,student,A8n6^atYBK5%
s00690@students.su.edu,Jamie Santiago,student,o5*J^A!ZsC6k
s00691@students.su.edu,Aria Reyes,student,^4LwrSxBq2h6
s00692@students.su.edu,Harper Panganiban,student,CSFhs&dd1hOO
s00693@students.su.edu,Elijah Ortega,student,LmRp%!zrxO3I
s00694@students.su.edu,Layla Zamora,student,b%8ucBf%#N3f
s00695@students.su.edu,Oliver Gonzales,student,Pa4pm##B&hI2
s00696@students.su.edu,Oliver Lazaro,student,^7l&7mB5vwNk
s00697@students.su.edu,Liam Santiago,student,J5gYOY^yj$xQ
s00698@students.su.edu,Jordan Marquez,student,&&PNm7nOo4*7
s00699@students.su.edu,Sam Gonzales,student,QVGlFk7MW%9q
s00700@students.su.edu,Evelyn Mendoza,student,zMKIpy1Qs&&p
s00701@students.su.edu,Harper Natividad,student,zn4GZ!ivrotu
s00702@students.su.edu,Isabella Jacinto,student,b0$JRZ9**1HC
s00703@students.su.edu,Reese Navarro,student,c3POdSQA0$3u
s00704@students.su.edu,Aria Marquez,student,73%g8tQ!vEJ&
s00705@students.su.edu,Riley Ramos,student,WuebcK!7C0ml
s00706@students.su.edu,Sam Torres,student,q79SE%#&0!js
s00707@students.su.edu,Sofia Jacinto,student,gALe#aEms513
s00708@students.su.edu,Chloe Salazar,student,iPTO1Wd!a@3H
s00709@students.su.edu,Elijah Castillo,student,@C3a%tnd^A#1
s00710@students.su.edu,Noah Jacinto,student,LmgQR0hmGG2@
s00711@students.su.edu,Drew Zamora,student,n$5t%3FyDM#z
s00712@students.su.edu,Ethan Ramos,student,9PzZXf0k$90E
s00713@students.su.edu,Casey Ilagan,student,IJa9IZV8j#To
s00714@students.su.edu,Mason Aquino,student,qL5l1O7L&!9n
s00715@students.su.edu,Layla Ramos,student,#$Oa!LLOo1j1
s00716@students.su.edu,Jamie Garcia,student,e2qby7bt^Ig7
s00717@students.su.edu,Liam Navarro,student,1&bKMhzfW0dK
s00718@students.su.edu,Jordan Gonzales,student,4b5%s#n*YmEq
s00719@students.su.edu,Luna Reyes,student,1OvJBUwK8Aj@
s00720@students.su.edu,Elijah Lazaro,student,7LEUN^Y7mAB7
s00721@students.su.edu,Sam Santos,student,%^nCV#b4nl5*
s00722@students.su.edu,Jamie Villanueva,student,hM95%awVXXpO
s00723@students.su.edu,Chloe Zamora,student,*Bb5Ugsrs^#^
s00724@students.su.edu,Layla Panganiban,student,nRA6b5CLgfb^
s00725@students.su.edu,Chris Ilagan,student,XGI#1Iu&aMcf
s00726@students.su.edu,Charlotte Villanueva,student,DtMU3#4FlWyg
s00727@students.su.edu,Casey Domingo,student,en&9%khVSWbe
s00728@students.su.edu,Charlotte Domingo,student,OLJ1oBsx^s@j
s00729@students.su.edu,Abigail Garcia,student,1FR1Ky@WN3Nw
s00730@students.su.edu,Oliver Marquez,student,v9mZ##%&581R
s00731@students.su.edu,Taylor Querubin,student,p6MENOz1Z8d^
s00732@students.su.edu,Layla Cruz,student,FziTP^gRp4ft
s00733@students.su.edu,Logan Domingo,student,z%%CSey06$nb
s00734@students.su.edu,Chloe Villanueva,student,wg%xtBiuH@^1
s00735@students.su.edu,Isabella Aquino,student,mG^Z4YXgZ#G8
s00736@students.su.edu,Mia Santiago,student,g4jI6!&I2HOz
s00737@students.su.edu,Ethan Natividad,student,9&#%Pu0$cp*@
s00738@students.su.edu,Liam Santos,student,@Xr0Nm^3ce8I
s00739@students.su.edu,Logan Domingo,student,0$AhD!!#R5e*
s00740@students.su.edu,Morgan Uy,student,8IU@gym%!lwD
s00741@students.su.edu,Noah Yap,student,#AVNlIBLCyJ7
s00742@students.su.edu,Sam Ilagan,student,@D5h!XzrISxT
s00743@students.su.edu,Jordan Castillo,student,te8*@t7yeY*o
s00744@students.su.edu,Elijah Mendoza,student,XXzd$21jYrsA
s00745@students.su.edu,Ava Esparza,student,zxAVa@9j6SD0
s00746@students.su.edu,Morgan Uy,student,c@jDE5$RQgA0
s00747@students.su.edu,Drew Yap,student,fEJmBJO$V%1n
s00748@students.su.edu,Aria Cruz,student,G80j1YY9vK#r
s00749@students.su.edu,Jamie Navarro,student,NuPq%zBsN7x@
s00750@students.su.edu,Oliver Tan,student,FFZ6JqN&RF6d
s00751@students.su.edu,Alex Yap,student,1cOS2!&2w3hP
s00752@students.su.edu,Alex Ramos,student,ucnHtBDG$0GP
s00753@students.su.edu,Taylor Aquino,student,5RK@Wg&fKtQU
s00754@students.su.edu,Avery Bautista,student,L1#%^iokSlL$
s00755@students.su.edu,Mason Salazar,student,ejxoxa53!K5&
s00756@students.su.edu,Noah Ortega,student,dS1xs7&Yeot&
s00757@students.su.edu,Abigail Ortega,student,V!s^1zJ0Z9n8
s00758@students.su.edu,Oliver Ilagan,student,$5olJH%00NG2
s00759@students.su.edu,Emma Lazaro,student,FZkD%e^Wrv48
s00760@students.su.edu,Isabella Villanueva,student,xYC!P^57#nu7
s00761@students.su.edu,Emma Gonzales,student,8cQECeol!cL9
s00762@students.su.edu,Jordan Cruz,student,jil3Y^pvufjZ
s00763@students.su.edu,Jordan Querubin,student,88ZXy^RL!7Dg
s00764@students.su.edu,Mia Reyes,student,K@*UZr@4gh^T
s00765@students.su.edu,Jordan Jacinto,student,fmJHg2J2vM%%
s00766@students.su.edu,Noah Domingo,student,6n*OFn#tj3Q3
s00767@students.su.edu,Layla Salazar,student,@P8nCBNIUjH9
s00768@students.su.edu,Mason Ortega,student,8TWA#hyL#FsX
s00769@students.su.edu,Drew Querubin,student,m!gI3d2JTzU4
s00770@students.su.edu,Chris Panganiban,student,wH*S^1JEtG6q
s00771@students.su.edu,Kendrick Marquez,student,HHoySdx6$x*@
s00772@students.su.edu,Mason Cruz,student,!g0FNQ$so*L3
s00773@students.su.edu,Casey Ortega,student,!o5zhhG5hC&P
s00774@students.su.edu,Oliver Panganiban,student,VsT!e4h!2map
s00775@students.su.edu,Layla Natividad,student,!a@0^bmnSRdA
s00776@students.su.edu,Evelyn Flores,student,HN$!&EJ05TdG
s00777@students.su.edu,Zoey Santiago,student,e*wkd^k0Ryb7
s00778@students.su.edu,Evelyn Yap,student,U7&bkhPdub82
s00779@students.su.edu,Layla Santos,student,vZkQ!n9t3fIr
s00780@students.su.edu,Charlotte Ortega,student,IB3Ls58f9Z%K
s00781@students.su.edu,Scarlett Santiago,student,qH9VmX^rcw2c
s00782@students.su.edu,Jordan Querubin,student,rZ3vijpUPjo%
s00783@students.su.edu,Sam Rivera,student,1EDhYh@jOePv
s00784@students.su.edu,Abigail Panganiban,student,cy$HyBcF1q4c
s00785@students.su.edu,Abigail Panganiban,student,pNJi#V^12etg
s00786@students.su.edu,Taylor Esparza,student,o8uNd7bf#5mY
s00787@students.su.edu,Layla Mendoza,student,R$T7vA6cW9EA
s00788@students.su.edu,Logan Natividad,student,Ac*f&CGtWnm7
s00789@students.su.edu,Jordan Uy,student,xWlA@8I7oZTA
s00790@students.su.edu,Chris Querubin,student,ao#dvRWm$YD1
s00791@students.su.edu,Morgan Villanueva,student,9a81b^b5^AcM
s00792@students.su.edu,Evelyn Ramos,student,l0TXe$&jkswJ
s00793@students.su.edu,Drew Ilagan,student,vA763n^J3XnF
s00794@students.su.edu,Morgan Reyes,student,zQ4X9DSCM@GU
s00795@students.su.edu,Emma Domingo,student,u39mhORz!G*&
s00796@students.su.edu,Riley Uy,student,f8g&hdN7*JUk
s00797@students.su.edu,Luna Garcia,student,k@hW0*AL68WD
s00798@students.su.edu,Abigail Ortega,student,&c1%3Hd8RNYi
s00799@students.su.edu,Mason Bautista,student,674&yexOacCE
s00800@students.su.edu,Charlotte Ilagan,student,Zrd%HKpUxk7%
s00801@students.su.edu,Amelia Aquino,student,omlSN!ws51WD
s00802@students.su.edu,Avery Villanueva,student,8!P6@!feFDp8
s00803@students.su.edu,Logan Cruz,student,gYR&Y6n6a*1j
s00804@students.su.edu,Taylor Salazar,student,7wRomQ*541ag
s00805@students.su.edu,Jamie Mendoza,student,tu$Fjvb6$OCw
s00806@students.su.edu,Avery Garcia,student,4xMYRkJBx@kr
s00807@students.su.edu,Chris Salazar,student,q2ZAIpsZ8^FT
s00808@students.su.edu,Kendrick Villanueva,student,dy%JFNi$*x2u
s00809@students.su.edu,Chloe Yap,student,&3Lx%hRmpeA$
s00810@students.su.edu,Isabella Ramos,student,F*Xmx*3Oon5R
s00811@students.su.edu,Kendrick Uy,student,@*EUZARXnm17
s00812@students.su.edu,Logan Aquino,student,J$oJd#ShUO5V
s00813@students.su.edu,Alex Esparza,student,pclfGR%PmJo1
s00814@students.su.edu,Aria Salazar,student,1a%4b1R*X9ek
s00815@students.su.edu,Reese Navarro,student,fwiIC^@ue6iV
s00816@students.su.edu,Isabella Esparza,student,m64i79fI@C@Z
s00817@students.su.edu,Drew Gonzales,student,EvvRVVms3#v#
s00818@students.su.edu,Drew Marquez,student,%snQ6^^!I3*L
s00819@students.su.edu,Kendrick Querubin,student,#W3GZ2Lh#ozS
s00820@students.su.edu,Casey Castillo,student,S3SAXy5@Maxh
s00821@students.su.edu,Chris Yap,student,18$UlrLKBoaK
s00822@students.su.edu,Elijah Torres,student,FcbJ7!r%Td4G
s00823@students.su.edu,Charlotte Querubin,student,ujg&U1LVNonc
s00824@students.su.edu,Abigail Marquez,student,UoI6UJ$mAIVd
s00825@students.su.edu,Luna Mendoza,student,4TJAsm4C*!w^
s00826@students.su.edu,Taylor Gonzales,student,%2iKawv9TfmM
s00827@students.su.edu,Alex Torres,student,LxCoF97I*rYb
s00828@students.su.edu,Chris Lazaro,student,!ff1864F8ddP
s00829@students.su.edu,Liam Reyes,student,XY5gSnsxr%n1
s00830@students.su.edu,Charlotte Marquez,student,6TLPW@4bgU5i
s00831@students.su.edu,Amelia Castillo,student,d1mn%#Zh0I5m
s00832@students.su.edu,Jamie Tan,student,eQqpfTy!3#2Y
s00833@students.su.edu,Oliver Flores,student,1mIw^!wzKjqw
s00834@students.su.edu,Drew Domingo,student,6fMifn5*DfdL
s00835@students.su.edu,Noah Yap,student,aYtiKXqx6Uh@
s00836@students.su.edu,Layla Uy,student,Xge^c5z7J%UX
s00837@students.su.edu,Amelia Querubin,student,ml$%7FbU66uA
s00838@students.su.edu,Sofia Torres,student,2L!mVPnXt6Wq
s00839@students.su.edu,Elijah Navarro,student,rx**06qMbNm8
s00840@students.su.edu,Mason Santiago,student,D6ch^I3@2E8%
s00841@students.su.edu,Elijah Natividad,student,$*vuY87yGz3%
s00842@students.su.edu,Zoey Rivera,student,jYs23%vj1DX5
s00843@students.su.edu,Mason Rivera,student,J3%voh1k5G^v
s00844@students.su.edu,Sofia Tan,student,&C6fs1kDT0$D
s00845@students.su.edu,Amelia Uy,student,95WO#abY*SP&
s00846@students.su.edu,Reese Villanueva,student,AWBJ1nNX#0Gv
s00847@students.su.edu,Mason Marquez,student,nR&FFlWyFv7k
s00848@students.su.edu,Jordan Aquino,student,Rf67HDyy%AFm
s00849@students.su.edu,Drew Ilagan,student,0Yjb1iOCF@%Q
s00850@students.su.edu,Luna Garcia,student,UrR^4ZnGoFl*
s00851@students.su.edu,Reese Lazaro,student,RwF*!B*0iKu@
s00852@students.su.edu,Mia Villanueva,student,%xh8#DRmg%e2
s00853@students.su.edu,Layla Villanueva,student,%19PXtVdc0bF
s00854@students.su.edu,Ava Lazaro,student,9V@2ce7LT4eo
s00855@students.su.edu,Abigail Salazar,student,AiJK!0twADl*
s00856@students.su.edu,Morgan Rivera,student,er#yKdaWyx4A
s00857@students.su.edu,Taylor Yap,student,G^t#qB77UBd7
s00858@students.su.edu,Morgan Rivera,student,9y#ePh6@o1oa
s00859@students.su.edu,Charlotte Ortega,student,7RlSAG^EW@64
s00860@students.su.edu,Morgan Querubin,student,&Di&5x&VM1EA
s00861@students.su.edu,Kendrick Aquino,student,IBBzqvDPg@16
s00862@students.su.edu,Sofia Zamora,student,jXh9#DNkTfq0
s00863@students.su.edu,Sam Lazaro,student,!83e0o0!Y9BE
s00864@students.su.edu,Riley Tan,student,lu%CpIy6$&1y
s00865@students.su.edu,Drew Garcia,student,bty2T&qcYLL@
s00866@students.su.edu,Logan Reyes,student,C9JPEk66m$&e
s00867@students.su.edu,Zoey Garcia,student,H7a*6!I^uB56
s00868@students.su.edu,Layla Mendoza,student,fJWy8n7gxV$X
s00869@students.su.edu,Mia Gonzales,student,3t!maRh4uaC&
s00870@students.su.edu,Layla Santiago,student,N4J!k0PoVtz&
s00871@students.su.edu,Luna Marquez,student,m#QblRBRpE1@
s00872@students.su.edu,Mia Salazar,student,R0PzUf*U!S#$
s00873@students.su.edu,Ethan Flores,student,X#Jqn5P#Ni0W
s00874@students.su.edu,Evelyn Zamora,student,fs%7uqN52McE
s00875@students.su.edu,Aria Rivera,student,Z0MGge&@YK6D
s00876@students.su.edu,Riley Ramos,student,f1r%CgMP5qO*
s00877@students.su.edu,Morgan Navarro,student,27K%x^$&l%*J
s00878@students.su.edu,Jamie Aquino,student,0O9Tt&Gy!8iG
s00879@students.su.edu,Evelyn Marquez,student,MVDe&ZRxSE3R
s00880@students.su.edu,Sam Navarro,student,CbH&!Efa3pxs
s00881@students.su.edu,Riley Santiago,student,!@dUI4koN%z9
s00882@students.su.edu,Mia Yap,student,z6s&ePGYozfh
s00883@students.su.edu,Aria Yap,student,auTq*SB&T5L*
s00884@students.su.edu,Taylor Zamora,student,d9*XV0IUlI&G
s00885@students.su.edu,Scarlett Navarro,student,P#p%eTw3Yh&a
s00886@students.su.edu,Oliver Natividad,student,OQs35FFIV@z#
s00887@students.su.edu,Jamie Aquino,student,Q8o*iK3Jl!Qz
s00888@students.su.edu,Logan Bautista,student,m*PgXNv1ekYf
s00889@students.su.edu,Riley Villanueva,student,o@cYgPZ7PaE9
s00890@students.su.edu,Zoey Tan,student,6*uPqPXjJMKw
s00891@students.su.edu,Evelyn Villanueva,student,@MWtk0uHQYCo
s00892@students.su.edu,Riley Querubin,student,%VUM5amPxNez
s00893@students.su.edu,Harper Reyes,student,V%C5HR&e1ZLf
s00894@students.su.edu,Layla Jacinto,student,5qKPme5nX51!
s00895@students.su.edu,Zoey Rivera,student,%PyBAfCo8s50
s00896@students.su.edu,Drew Yap,student,FSvL06nQ5%5Q
s00897@students.su.edu,Isabella Reyes,student,E3b$^V8XCBDF
s00898@students.su.edu,Harper Villanueva,student,Jw!PH66aj&zL
s00899@students.su.edu,Casey Esparza,student,s9d^wUs2xJDg
s00900@students.su.edu,Riley Natividad,student,E2&o%MkqZfAd
s00901@students.su.edu,Scarlett Torres,student,nyJ87%GnQgS*
s00902@students.su.edu,Alex Jacinto,student,zpk7SLzw8G^i
s00903@students.su.edu,Riley Querubin,student,7P7WnS#bR!#a
s00904@students.su.edu,Ethan Domingo,student,zoCI&V&k@S&5
s00905@students.su.edu,Ethan Lazaro,student,A3D53tH@dS54
s00906@students.su.edu,Morgan Navarro,student,k2^$c8iqbFO#
s00907@students.su.edu,Sam Uy,student,3gO^1hAIjMU^
s00908@students.su.edu,Mason Gonzales,student,3kv$wJskr$fT
s00909@students.su.edu,Zoey Cruz,student,1oFg9C$L^l8e
s00910@students.su.edu,Ava Castillo,student,&6QE%RGF2e2^
s00911@students.su.edu,Chloe Villanueva,student,XWMWEOS!!9lm
s00912@students.su.edu,Alex Rivera,student,nlB3V6M9#x0e
s00913@students.su.edu,Zoey Yap,student,x5wSffQc!mn$
s00914@students.su.edu,Riley Castillo,student,v9WZpReS#Njc
s00915@students.su.edu,Oliver Reyes,student,Yt%%GQ8W58PK
s00916@students.su.edu,Riley Yap,student,oTB1tUO&hY&2
s00917@students.su.edu,Zoey Aquino,student,H29BHyEW#o@%
s00918@students.su.edu,Chris Castillo,student,ilzYA*2S*Ytd
s00919@students.su.edu,Mia Panganiban,student,!lFxHC8kR^sF
s00920@students.su.edu,Amelia Santos,student,sa3a#0cWQ32H
s00921@students.su.edu,Kendrick Santiago,student,Gc!7UC3J9zb*
s00922@students.su.edu,Casey Navarro,student,BOlto9lk8#Bs
s00923@students.su.edu,Elijah Esparza,student,&5ob&NnE2Jvo
s00924@students.su.edu,Chris Domingo,student,x^vJWmqUwg9i
s00925@students.su.edu,Riley Ramos,student,M6#Zrc%jawoN
s00926@students.su.edu,Oliver Lazaro,student,%Yd@D#jMqF64
s00927@students.su.edu,Alex Lazaro,student,6ic2sg83*3Mz
s00928@students.su.edu,Evelyn Gonzales,student,6@ja6ps54dgS
s00929@students.su.edu,Harper Yap,student,hWtf@ySyWU2w
s00930@students.su.edu,Layla Uy,student,fIH7qX1ULU*S
s00931@students.su.edu,Kendrick Torres,student,fMei$EJ8&k29
s00932@students.su.edu,Sam Uy,student,Su0cAbm#UN$#
s00933@students.su.edu,Jamie Panganiban,student,l&A12IAil*hF
s00934@students.su.edu,Casey Mendoza,student,PM^6kU#Zz*5^
s00935@students.su.edu,Ethan Reyes,student,NGuivV6E#FGw
s00936@students.su.edu,Amelia Santiago,student,DOh7#@ElRoJd
s00937@students.su.edu,Chris Domingo,student,&4SSjpPADqpx
s00938@students.su.edu,Chloe Zamora,student,fj6HQv$pB@l2
s00939@students.su.edu,Mason Querubin,student,Ds%#ow$0T2sh
s00940@students.su.edu,Mason Castillo,student,T92u!OZZ9qXm
s00941@students.su.edu,Alex Santiago,student,%umQY9quxD9g
s00942@students.su.edu,Aria Gonzales,student,#y6jNWGjDR@V
s00943@students.su.edu,Ava Ramos,student,!c6hZollz7Y@
s00944@students.su.edu,Abigail Garcia,student,1#EYdLlc6os!
s00945@students.su.edu,Oliver Cruz,student,w5!UHWj@zmFV
s00946@students.su.edu,Mia Ramos,student,we&BKU!sx0$g
s00947@students.su.edu,Alex Natividad,student,FH9m8S^!M6ff
s00948@students.su.edu,Oliver Castillo,student,eN0f^VEy6CL*
s00949@students.su.edu,Taylor Lazaro,student,7Ti8Bk%dfmp@
s00950@students.su.edu,Layla Tan,student,mfNt@@6Rx8UI
s00951@students.su.edu,Luna Salazar,student,806!!Cvkzeks
s00952@students.su.edu,Alex Torres,student,pF!Q6Bx&oA48
s00953@students.su.edu,Jamie Yap,student,FNL&#gpf2pHo
s00954@students.su.edu,Mason Castillo,student,c$RuqcIV6u0*
s00955@students.su.edu,Sam Salazar,student,VrK2Cs!Umfo9
s00956@students.su.edu,Harper Panganiban,student,vE5yET$W%kc!
s00957@students.su.edu,Aria Garcia,student,V60d76*yh%f!
s00958@students.su.edu,Chloe Natividad,student,KrVL^M4Ho31!
s00959@students.su.edu,Scarlett Tan,student,C6H3&xTdg5o*
s00960@students.su.edu,Taylor Torres,student,H5aO#8v0iKo5
s00961@students.su.edu,Mason Santos,student,*6Dx$GMmXnS3
s00962@students.su.edu,Chris Uy,student,H2grDwpTNt^%
s00963@students.su.edu,Alex Santiago,student,%O8oqQqm54vU
s00964@students.su.edu,Evelyn Castillo,student,ACPs&usJbZ0j
s00965@students.su.edu,Jamie Ramos,student,UwfA5h%&gqtt
s00966@students.su.edu,Avery Flores,student,Q*Xk$cH90T67
s00967@students.su.edu,Mia Yap,student,IaS2j#1O0nf8
s00968@students.su.edu,Drew Domingo,student,27nI%^T*9x8P
s00969@students.su.edu,Riley Uy,student,Sy2*njNJ#60*
s00970@students.su.edu,Elijah Castillo,student,@qVauila8Igj
s00971@students.su.edu,Drew Zamora,student,@fcDFo9NF1$z
s00972@students.su.edu,Harper Aquino,student,a^Re5Ox5G5$O
s00973@students.su.edu,Sofia Ramos,student,e12jzReBhK#k
s00974@students.su.edu,Liam Villanueva,student,*%rysk7ZeIlM
s00975@students.su.edu,Liam Lazaro,student,!8JY1dFk0j*z
s00976@students.su.edu,Riley Mendoza,student,!c6k$F0nWsP5
s00977@students.su.edu,Logan Santiago,student,0HDU1kWeF3y%
s00978@students.su.edu,Ava Santiago,student,ai4IL6krY6&z
s00979@students.su.edu,Mia Aquino,student,Nec!XAD3^ji5
s00980@students.su.edu,Kendrick Torres,student,8!OU^X*x3&HU
s00981@students.su.edu,Chloe Yap,student,0@IIPns870g7
s00982@students.su.edu,Avery Panganiban,student,Y!qVeBob214j
s00983@students.su.edu,Luna Rivera,student,pUG4SEuxq%Un
s00984@students.su.edu,Luna Torres,student,O8!#7Ftl$lFP
s00985@students.su.edu,Chloe Cruz,student,7*XWfV@sLi4g
s00986@students.su.edu,Avery Ortega,student,GTe7Rd6p%gZg
s00987@students.su.edu,Drew Flores,student,uMY&2e6uXZx0
s00988@students.su.edu,Liam Domingo,student,H#Zmjma39T6d
s00989@students.su.edu,Emma Garcia,student,GbK49wVG^10h
s00990@students.su.edu,Casey Natividad,student,A3Ml2kh0$XT$
s00991@students.su.edu,Sofia Zamora,student,q*1cBNg*8UT5
s00992@students.su.edu,Taylor Tan,student,JZ2Do3aQ8Xx$
s00993@students.su.edu,Chloe Zamora,student,1&Om$yRfuL%5
s00994@students.su.edu,Sofia Querubin,student,S2#7*5LHkni1
s00995@students.su.edu,Mia Tan,student,SPu8%G66u3^e
s00996@students.su.edu,Luna Reyes,student,H*eUJ1OC6gx9
s00997@students.su.edu,Liam Ilagan,student,EKkM9G2rx6^I
s00998@students.su.edu,Alex Gonzales,student,ppBfVD8C%mG^
s00999@students.su.edu,Charlotte Santos,student,9lYzwEyTR#xU
s01000@students.su.edu,Abigail Mendoza,student,@1hV6MLFRUsm
s2020-0003@students.su.edu,Jamie Ortega,student,Gb*oTDtRF6Sx
s2020-0005@students.su.edu,Jamie Querubin,student,$hr!H1yzR2BX
s2020-0006@students.su.edu,Lucas Reyes,student,U0#8g*Mh2&*$
s2020-0009@students.su.edu,Sofia Navarro,student,6I0!!FKa&xn*
s2020-0011@students.su.edu,Mia Santos,student,p91IknVqv$$Z
s2020-0019@students.su.edu,Riley Ramos,student,bRjgb5I#U33V
s2020-0021@students.su.edu,Lucas Ortega,student,n!&J5nRwWA6b
s2020-0025@students.su.edu,Logan Navarro,student,snd@uF#6pB9J
s2020-0026@students.su.edu,Liam Ortega,student,!oi^&O8EFP5%
s2020-0031@students.su.edu,Jamie Querubin,student,g9UwFec!060%
s2020-0034@students.su.edu,Morgan Ortega,student,#KMESDL9kq2r
s2020-0038@students.su.edu,Liam Cruz,student,J6dGPPEHUcH%
s2020-0040@students.su.edu,Riley Navarro,student,A9Rk&*1EiGLB
s2020-0043@students.su.edu,Riley Cruz,student,8HNpPaJ@LuPu
s2020-0044@students.su.edu,Sofia Ramos,student,o#njAWkSHaj3
s2020-0048@students.su.edu,Noah Ramos,student,PgNrPbT&Uj#9
s2020-0055@students.su.edu,Jamie Cruz,student,Jq!$pHTo1gYb
s2020-0064@students.su.edu,Evelyn Santos,student,5L&1MTi%6u^N
s2020-0066@students.su.edu,Jamie Santos,student,D9&345^y@CEw
s2020-0068@students.su.edu,Jamie Navarro,student,02$o$8%trP8g
s2020-0082@students.su.edu,Alex Reyes,student,7b3NXpgYAA*8
s2020-0083@students.su.edu,Riley Cruz,student,$I4E5MNO9cwq
s2020-0084@students.su.edu,Ava Bautista,student,a4O6q6!qxquV
s2020-0085@students.su.edu,Sofia Castillo,student,SmsDv6KA2mN#
s2020-0086@students.su.edu,Riley Querubin,student,13ya2^jqhUon
s2020-0087@students.su.edu,Mia Castillo,student,t^aI@AEbgUf3
s2020-0094@students.su.edu,Mia Navarro,student,7hStxhP!P$Xh
s2020-0097@students.su.edu,Liam Castillo,student,5ebYOmYkb9^P
s2021-0000@students.su.edu,Sofia Navarro,student,hB1txpFeHI&Y
s2021-0008@students.su.edu,Ava Castillo,student,uV2Mg%XDg*8P
s2021-0010@students.su.edu,Mia Santos,student,0mMct!7qQN14
s2021-0012@students.su.edu,Ethan Ramos,student,Y4b42#!wxJci
s2021-0014@students.su.edu,Liam Bautista,student,XNUi*1wBGF9o
s2021-0015@students.su.edu,Sofia Navarro,student,yvQ%e6skZ$DN
s2021-0020@students.su.edu,Logan Reyes,student,W5u7DZ$#NwDB
s2021-0022@students.su.edu,Ava Ramos,student,2py@1Wu6&L$r
s2021-0028@students.su.edu,Sofia Querubin,student,!BxcVX2WivR1
s2021-0032@students.su.edu,Evelyn Domingo,student,dG&MCg30bJoP
s2021-0037@students.su.edu,Morgan Ramos,student,y#1nba3^mgU8
s2021-0041@students.su.edu,Alex Cruz,student,wVB7J@RfJtJ*
s2021-0042@students.su.edu,Alex Reyes,student,yF@2certXIi*
s2021-0045@students.su.edu,Noah Querubin,student,%lV1zKaMSeYB
s2021-0046@students.su.edu,Jamie Garcia,student,aTUH9$gU@S%C
s2021-0051@students.su.edu,Sofia Querubin,student,@pA9YvjYRE6%
s2021-0052@students.su.edu,Ethan Ortega,student,ZN$*9F$2^FdL
s2021-0053@students.su.edu,Noah Domingo,student,tIxEKz*252pV
s2021-0056@students.su.edu,Alex Bautista,student,P%iKy%85xsga
s2021-0057@students.su.edu,Alex Santos,student,zACW%0#Zi3ds
s2021-0060@students.su.edu,Liam Domingo,student,Xp!w3kBDEW0x
s2021-0062@students.su.edu,Lucas Querubin,student,2!WUa&pVm8XX
s2021-0072@students.su.edu,Ava Santos,student,916l8mbEt%Zd
s2021-0073@students.su.edu,Riley Domingo,student,c2p74!FTLa#L
s2021-0075@students.su.edu,Evelyn Castillo,student,$v5D*Zp@M!s%
s2021-0095@students.su.edu,Riley Cruz,student,AjqAJ#75jhtS
s2022-0000@students.su.edu,Sofia Navarro,student,iqK8u@xJ6@UR
s2022-0001@students.su.edu,Evelyn Ortega,student,O5gme^uf8G1K
s2022-0002@students.su.edu,Liam Garcia,student,R7&EP5HbjV5k
s2022-0004@students.su.edu,Mia Reyes,student,dZa$D%*0Qc5A
s2022-0007@students.su.edu,Riley Reyes,student,a^a*z8PSwjyV
s2022-0016@students.su.edu,Evelyn Cruz,student,1mZREoB^@nH7
s2022-0017@students.su.edu,Sofia Domingo,student,dFVU9MPK#D5n
s2022-0023@students.su.edu,Noah Garcia,student,z$V#aiPL^tE2
s2022-0027@students.su.edu,Ethan Castillo,student,d54u#mULH$eP
s2022-0029@students.su.edu,Mia Querubin,student,cuY6SPZ^aHP2
s2022-0033@students.su.edu,Sofia Bautista,student,hdOx130&4cYk
s2022-0036@students.su.edu,Alex Castillo,student,jYnXU7KSTH$A
s2022-0047@students.su.edu,Ethan Santos,student,fZuvCNe7h*^N
s2022-0049@students.su.edu,Ava Ortega,student,5f29%sB93f&$
s2022-0050@students.su.edu,Sofia Castillo,student,x!l8y4v#e1DJ
s2022-0058@students.su.edu,Sofia Ramos,student,Mw9eLpPj@fp$
s2022-0061@students.su.edu,Ethan Castillo,student,tcL!Qv3emW4!
s2022-0067@students.su.edu,Mia Bautista,student,7I#2H%MJsS2X
s2022-0071@students.su.edu,Morgan Querubin,student,Xw2!sZ*ll6x#
s2022-0078@students.su.edu,Ava Ramos,student,$h8UGotOYqOo
s2022-0079@students.su.edu,Alex Navarro,student,ypZDn^%l!$Y7
s2022-0081@students.su.edu,Morgan Navarro,student,A*to@f2F5y!J
s2022-0088@students.su.edu,Sofia Domingo,student,$b3zaV3#T#mU
s2022-0089@students.su.edu,Alex Cruz,student,Y$dxQD6ggM2M
s2022-0092@students.su.edu,Ava Querubin,student,Z4dZimQrmG%N
s2022-0096@students.su.edu,Evelyn Cruz,student,64x%$vIPF@bd
s2023-0013@students.su.edu,Ethan Domingo,student,4QNrJhcRQ1u@
s2023-0018@students.su.edu,Sofia Reyes,student,1sZKme*JOk45
s2023-0024@students.su.edu,Evelyn Bautista,student,*VXp2*&PeDha
s2023-0030@students.su.edu,Sofia Ortega,student,8r&0LuA51VOO
s2023-0035@students.su.edu,Ava Garcia,student,nL9z2fW9!0Rx
s2023-0039@students.su.edu,Jamie Santos,student,sN9nmX9di#R5
s2023-0054@students.su.edu,Noah Castillo,student,DC9#zrqMX4X!
s2023-0059@students.su.edu,Sofia Santos,student,KQC&T2Oip#Sy
s2023-0063@students.su.edu,Evelyn Navarro,student,5SbLaee&q@NU
s2023-0065@students.su.edu,Lucas Reyes,student,8#!s!FSoL@Yc
s2023-0069@students.su.edu,Ethan Querubin,student,v@uyWz@YoW6*
s2023-0070@students.su.edu,Ethan Santos,student,s4PCB3NP&a9%
s2023-0074@students.su.edu,Lucas Cruz,student,Gzl2luL*@pSW
s2023-0076@students.su.edu,Alex Querubin,student,Bt2a7!n5qvYa
s2023-0077@students.su.edu,Noah Castillo,student,vAJCAFKai64@
s2023-0080@students.su.edu,Ethan Santos,student,xd*zpx6W$dE*
s2023-0090@students.su.edu,Ava Ramos,student,%6uq^sPBY6Mq
s2023-0091@students.su.edu,Ethan Bautista,student,ec*3$c9MCZ$i
s2023-0093@students.su.edu,Logan Cruz,student,##$M4jGfS0dC
s2023-0098@students.su.edu,Noah Reyes,student,3i@zywHhs$&E
s2023-0099@students.su.edu,Alex Ramos,student,IG!6AdLW#VQk
